{"algorithm": ["Backpropagation Neural Network"], "weights_ih": [[[0.7907485715013641, 0.10736838551114468, 2.7650453875365106, 0.5663457137425929, -3.7059441655062266, 2.5263416581170115], [0.5580879384364463, 0.9397501917729059, 3.7666674440004826, -0.2720550389474003, -3.3539506707586226, 3.1746591823135675], [0.6815859013842523, 0.822124486917349, -2.6352791072434374, 1.652393811465519, 3.701017578717747, -2.4435102220492357], [0.7500914196523332, 0.200237767569709, 1.862438796117131, 0.7657549946684238, -1.8214412146852115, 1.5697590043494234], [0.49809517104478473, 0.38131893853213544, 1.115578467460407, 0.7737593463183771, -0.22402218713634048, 0.9555197802304671], [0.5873156186633849, 0.23613637123476863, -0.5888264668917541, 0.557737623653909, 1.061365859934388, -0.5873134841990841], [0.9417748619158466, 0.723880895142808, 0.20698153377777942, 0.19179939297122786, 0.8355255490425532, 0.13120198262519908], [0.28419113823075814, 0.40181669318143703, 0.9599961574858552, 0.6907329289466734, 0.00012626769649501217, 0.8101959375739637]]], "weights_ho": [[[-0.2538819453142061], [-0.26071367314122273], [1.1688458609543293], [-1.2883406328653455], [-1.6804369964824022], [0.9424622805914874]]], "bias_h": [[[0.9271852199896998, 0.5424248844036781, -0.5693294986768996, 1.5599761725911068, -0.10409595147212057, -0.20025364148596178]]], "bias_o": [[[-1.1084040113073717]]], "accuracy": [0.9641563447958568], "loss": [0.0358436552041432]}