{"algorithm": ["Backpropagation Neural Network"], "weights_ih": [[[4.892652438128759, 0.22069557098680023, 1.948576749779253, 1.0333183023454613, 2.0673010072499247, 0.19511319320491582], [4.73920841363389, -0.048834093089344555, 1.868849402968464, 0.6784903673961813, 0.9881813706722244, -0.5600202671691941], [-4.792783852476884, 1.672377007906552, -2.517841727230268, 1.3116444053578387, -1.9722290612995288, 1.496957538502913], [2.8539458955638053, 0.4708161569400476, 1.7087355295377313, 1.2606562019177874, 0.7390045303474552, 0.42651348944754497], [0.6426756951632541, 0.0557603853102358, 0.18138869553873832, 1.001327977881592, 0.3716222787479314, 0.5281806539096431], [-1.415933813780029, 0.7464522787635843, -0.638632339460381, 0.2548842929312547, -0.40178430609556365, 0.6030564513374935], [0.7868921392422011, 0.13986569418049943, 0.046047317897568364, 0.6555910144991648, 0.7564482796175592, 0.17493359231910133], [0.07226469409376901, 0.1959483015446697, 0.02874673767442828, 0.7986323092477086, 0.11975702178387858, 0.3692557270860181]]], "weights_ho": [[[2.125775011751091], [-0.8164924111022388], [0.6029211406952704], [-0.8042825264220298], [0.4900488662845593], [-0.8574001700112943]]], "bias_h": [[[-1.3658889405467929, 2.0778806023654557, -0.8030073606418924, 2.3685400388428945, -1.4289799723462653, 2.317193048711681]]], "bias_o": [[[-1.2291875630619822]]], "accuracy": [0.9489822581694397], "loss": [0.051017741830560265]}