{"algorithm": ["Backpropagation Neural Network"], "weights_ih": [[[0.9051464188153271, 0.6557256519630501, 0.8677533321843108, 0.19794046082778843, 0.17800635897941686, 0.4829038473937672, 0.9316255147027246, 0.37365265348529497], [0.13707695889208035, 0.06636667112589374, 0.5442177163359797, 0.7812523189912062, 0.76095605217147, 0.8861773418337764, 0.193655961840104, 0.05550607978551076], [0.20366512206739693, 0.12686426619956698, 0.8043006606488259, 0.2736354249425483, 0.45265073570941783, 0.49425572811937324, 0.1293597953650387, 0.1827418013496769], [0.572136395100819, 0.12022380111062148, 0.3426997528423113, 0.05062233540464483, 0.4224883872636346, 0.8563333903600278, 0.5938802990154792, 0.4556789085907294], [0.7273568214577109, 0.7973790585470163, 0.033183784694721725, 0.3775371398031364, 0.7579678426131442, 0.4560734776310287, 0.8698701481044103, 0.19984286974003343], [0.628940795502911, 0.8765515598501833, 0.004499600535931438, 0.49752130944378326, 0.5560372803651222, 0.9904422705734841, 0.2399286231865568, 0.8285609348858155], [0.13263986671084732, 0.13255205089400451, 0.6384244421032751, 0.4951000585917858, 0.8812901463776666, 0.3850541336767726, 0.5170205596006089, 0.051356461332280556], [0.49178398222123954, 0.7583264460479808, 0.37884020670855023, 0.9696880237845183, 0.24755119858673408, 0.3002095354239009, 0.45126299498668526, 0.9585387141356414]]], "weights_ho": [[[0.0], [0.0], [0.0], [0.0], [0.0], [0.0], [0.0], [0.0]]], "bias_h": [[[0.10335017034762616, 0.07095880091128302, 0.21846846524545213, 0.718349327321267, 0.7600255946598409, 0.40158502787795713, 0.08150460334783333, 0.7184820451099796]]], "bias_o": [[[-1.6412914681704747]]], "accuracy": [0.7600103266486535], "loss": [0.23998967335134644]}