{
    "algorithm": [
        "Backpropagation Neural Network With Artificial Bee Colony"
    ],
    "weights_ih": [
        [
            [
                -40.90013951782628
            ],
            [
                -40.90013951782628
            ],
            [
                -40.90013951782628
            ],
            [
                -40.90013951782628
            ],
            [
                -40.90013951782628
            ],
            [
                -40.90013951782628
            ],
            [
                -40.90013951782628
            ],
            [
                -40.90013951782628
            ]
        ]
    ],
    "weights_ho": [
        [
            [
                68.52013470218245
            ],
            [
                -71.58051222446808
            ],
            [
                12.338272776177563
            ],
            [
                75.15509032528061
            ],
            [
                44.38444915517962
            ],
            [
                -20.890655742894953
            ],
            [
                13.97449696390614
            ],
            [
                -40.90013951782628
            ]
        ]
    ],
    "bias_h": [
        [
            [
                -16.07997188072776,
                -5.4156497801358245,
                -6.007427147186068,
                -20.365181415992616,
                -20.59055411943191,
                -45.849508978589796,
                -4.249146823627497,
                0.9457967041328289
            ]
        ]
    ],
    "bias_o": [
        [
            [
                -1.5026213820747456
            ]
        ]
    ],
    "accuracy": [
        0.740895158887154
    ],
    "loss": [
        0.2591048411128461
    ]
}