{"algorithm": ["Backpropagation Neural Network"], "weights_ih": [[[-0.09406088666947408, 0.7356394025955556, -1.0832571542434712, 5.396135952046404, 0.5711182863434974, 0.22708083361079634], [-1.0992124765930844, 0.7400628687602671, -0.8610258134376984, 4.473416478664861, -0.4662176294766305, 0.45202312268499173], [2.1338785999763514, 1.4498817035236786, 2.3740322557338227, -4.655277570455719, 1.556986825444051, 1.277071865286925], [0.37886001248186474, 0.6018721460684922, -0.08450256184600781, 3.3919771393582443, 1.148794748048836, 0.5616935326933575], [-0.10709818526827997, 0.5704592782464599, -0.3342954075208873, 0.5180539523231522, 0.3257279414126594, 0.3947467079432233], [1.0547225949900418, 0.7506001810097367, 1.701175425612829, -1.7529958913376849, 1.222228894065381, 0.4251698413235728], [0.14709164721977472, 0.7771807366865056, 0.31066130703344663, 0.5321382618212419, 0.9488502301944658, 0.9877817781946839], [0.8563566263020319, 0.2834836041968618, 0.5162783738729197, 0.46152948098894797, 0.5462622415584675, 0.48251253232159935]]], "weights_ho": [[[-0.9564632006738601], [-0.2700334046114432], [-1.0021591730575925], [2.503952525039264], [-0.7414257568243131], [-0.45969826931151586]]], "bias_h": [[[1.9170886201231898, 1.3855418939387223, 1.3769140897181114, -1.7105011499662308, 1.9114689889051735, 2.0188654646555677]]], "bias_o": [[[-0.3124386882530782]]], "accuracy": [0.9519331206960837], "loss": [0.04806687930391634]}