{"algorithm": ["Backpropagation Neural Network"], "weights_ih": [[[0.3324753599468504, 0.8208232275274591, 0.3132936649424161, 0.2855773616356681, 0.3925586419211079, 0.5440314280904675], [1.0143020631882922, 0.546905570573807, 1.091497907908246, 0.6569603061913938, 0.6789062107983798, 0.852234085339159], [0.28740818277820407, 0.47865591700501176, 0.25989517304008386, 0.7734707771577823, 0.8895551298533505, 0.515853670362878], [0.3554589045437818, 0.43693400365856216, 0.1865040658938546, 0.8405646227446307, 0.8476992472549472, 0.16954641339529736], [0.36318530362411156, 0.8774108859879938, 0.5258559494099375, 0.742863520081755, 0.2462913626211061, 0.9946747036653824], [0.8157244235682289, 0.16369755312849893, 0.6465927311374436, 0.4171528629726948, 0.7787419816145773, 0.4419915539880043], [0.9236686089767207, 0.7214015632642732, 0.7151218934895583, 0.5034314307056765, 0.3631930809516807, 0.624094367855462], [0.25562853139242214, 0.9807591903606228, 0.11810951762894953, 0.735893387379266, 0.4231322266655586, 0.03753150323194719]]], "weights_ho": [[[0.1393472781721925], [0.0], [0.014809587011267344], [0.0], [0.0], [0.0]]], "bias_h": [[[0.4388398588942192, 1.020620466595814, 0.9938793648388053, 0.953806196662598, 0.6182630419895105, 0.9956285009969958]]], "bias_o": [[[-1.8326158954430058]]], "accuracy": [0.8903491642209447], "loss": [0.10965083577905531], "max_config": [666.0], "min_config": [1.0]}