{"algorithm": ["Backpropagation Neural Network"], "weights_ih": [[[0.1325576309436209, 0.669427649640056, -0.06791773342461939, 0.36503881494900076, 0.20495625017866423, 0.15857659636050747], [-0.33344947406552544, 0.47203924226312044, -0.8548208373381312, -0.454845394085425, -0.46104035190006304, 0.08426490961155236], [0.8526556071144287, -0.03898170048693467, 0.8886775379926876, 0.8003876568669177, 0.678682136175299, 0.5078607831746859], [0.47610533122387777, 0.11316054785549128, 0.2900830302055154, 0.31918200994951224, 0.6275959325670843, 0.8394814208335107], [-0.4758758649119709, 0.8157738797501077, -0.8904565380384948, 0.25182352532423796, -0.29412044167661083, -0.6672392210370436], [0.27084535987639397, 0.15489156159591402, 0.8088581562764204, 0.9995478555867743, 0.37272854175248726, 1.2482160608526631], [0.8964868059496732, 0.39409960129228855, 0.5968459463872744, 0.6307555391259428, 0.21758429060359347, 0.03626415545859384], [0.6842384091625934, 0.5141473080738963, 0.44511210243817756, 0.17211824281564353, 0.19006758488648176, 0.8105283750819385]]], "weights_ho": [[[-0.42500261210473483], [0.340494277806736], [-0.7317306066145187], [-0.5132574415824397], [-0.3389493383431067], [-0.6435143931519524]]], "bias_h": [[[0.8517566335466922, -0.5215873381549441, 0.6436758892035175, 0.9216572847176305, 0.04388854106162607, 0.5008298799558546]]], "bias_o": [[[-0.16454838894578447]]], "accuracy": [0.9005731315363077], "loss": [0.09942686846369235], "max_config": [666.0], "min_config": [1.0]}